date,title,artist,current,previous,peak,weeks,new
1989-12-30,"...But Seriously","Phil Collins",1,4,1,5,False
1989-12-30,"Girl You Know It's True","Milli Vanilli",2,1,1,41,False
1989-12-30,"Storm Front","Billy Joel",3,2,1,9,False
1989-12-30,"Janet Jackson's Rhythm Nation 1814","Janet Jackson",4,3,1,13,False
1989-12-30,"Forever Your Girl","Paula Abdul",5,5,1,76,False
1989-12-30,"Hangin' Tough","New Kids On The Block",6,6,1,71,False
1989-12-30,"Pump","Aerosmith",7,7,5,14,False
1989-12-30,"Cosmic Thing","The B-52s",8,8,6,24,False
1989-12-30,"Cry Like A Rainstorm, Howl Like The Wind","Linda Ronstadt (Featuring Aaron Neville)",9,12,9,11,False
1989-12-30,"Merry, Merry Christmas","New Kids On The Block",10,9,9,12,False
1989-12-30,"Steel Wheels","The Rolling Stones",11,11,3,16,False
1989-12-30,"Full Moon Fever","Tom Petty",12,10,3,34,False
1989-12-30,"Dr. Feelgood","Motley Crue",13,13,1,15,False
1989-12-30,"Slip Of The Tongue","Whitesnake",14,14,10,6,False
1989-12-30,"Stone Cold Rhymin'","Young M.C.",15,15,9,15,False
1989-12-30,"Repeat Offender","Richard Marx",16,17,1,33,False
1989-12-30,"Journeyman","Eric Clapton",17,18,17,6,False
1989-12-30,"Dance!...Ya Know It!","Bobby Brown",18,21,18,5,False
1989-12-30,"Heart Of Stone","Cher",19,19,10,24,False
1989-12-30,"Presto","Rush",20,16,16,5,False
1989-12-30,"Keep On Movin'","Soul II Soul",21,20,14,26,False
1989-12-30,"Back On The Block","Quincy Jones",22,27,22,4,False
1989-12-30,"Skid Row","Skid Row",23,23,6,47,False
1989-12-30,"Crossroads","Tracy Chapman",24,22,9,11,False
1989-12-30,"New Kids On The Block","New Kids On The Block",25,28,25,22,False
1989-12-30,"Flying In A Blue Dream","Joe Satriani",26,24,23,7,False
1989-12-30,"The Seeds Of Love","Tears For Fears",27,25,8,13,False
1989-12-30,"Trash","Alice Cooper",28,29,20,21,False
1989-12-30,"Live","Kenny G",29,37,29,4,False
1989-12-30,"Tender Lover","Babyface",30,26,25,22,False
1989-12-30,"The End Of The Innocence","Don Henley",31,32,8,25,False
1989-12-30,"The Best Of Luther Vandross: The Best Of Love","Luther Vandross",32,30,28,9,False
1989-12-30,"Bad English","Bad English",33,31,21,25,False
1989-12-30,"Soul Provider","Michael Bolton",34,35,34,24,False
1989-12-30,"As Nasty As They Wanna Be","The 2 Live Crew",35,33,30,23,False
1989-12-30,"A Collection: Greatest Hits...And More","Barbra Streisand",36,34,26,11,False
1989-12-30,"We Too Are One","Eurythmics",37,36,34,14,False
1989-12-30,"Cuts Both Ways","Gloria Estefan",38,38,8,23,False
1989-12-30,"Can't Fight Fate","Taylor Dayne",39,42,39,7,False
1989-12-30,"And In This Corner","D.J. Jazzy Jeff & The Fresh Prince",40,39,39,7,False
1989-12-30,"The Disregard Of Timekeeping","Bonham",41,40,38,13,False
1989-12-30,"Runaway Horses","Belinda Carlisle",42,43,37,11,False
1989-12-30,"A Fresh Aire Christmas","Mannheim Steamroller",43,46,43,5,False
1989-12-30,"Brave And Crazy","Melissa Etheridge",44,41,22,13,False
1989-12-30,"The Sensual World","Kate Bush",45,50,43,9,False
1989-12-30,"Legacy","Poco",46,49,40,15,False
1989-12-30,"The Raw & The Cooked","Fine Young Cannibals",47,44,1,43,False
1989-12-30,"Like A Prayer","Madonna",48,57,1,39,False
1989-12-30,"Look Sharp!","Roxette",49,48,28,37,False
1989-12-30,"Blow My Fuse","KIX",50,52,46,48,False
1989-12-30,"Greatest Hits - Best Of Rockers N' Ballads","Scorpions",51,54,51,5,False
1989-12-30,"Freedom","Neil Young",52,47,35,11,False
1989-12-30,"Flying Cowboys","Rickie Lee Jones",53,53,39,12,False
1989-12-30,"Mannheim Steamroller Christmas","Mannheim Steamroller",54,55,54,5,False
1989-12-30,"A Very Special Christmas","Various Artists",55,59,55,4,False
1989-12-30,"The Incredible Base","Rob Base",56,56,56,4,False
1989-12-30,"The Great Radio Controversy","Tesla",57,62,18,41,False
1989-12-30,"Built To Last","Grateful Dead",58,51,27,7,False
1989-12-30,"Hot In The Shade","KISS",59,45,29,9,False
1989-12-30,"Dirty Rotten Filthy Stinking Rich","Warrant",60,63,10,44,False
1989-12-30,"The Little Mermaid","Soundtrack",61,75,61,3,False
1989-12-30,"No Holdin' Back","Randy Travis",62,64,33,12,False
1989-12-30,"Storyteller/Complete Anthology: 1964-1990","Rod Stewart",63,81,63,5,False
1989-12-30,"Mother's Milk","Red Hot Chili Peppers",64,58,52,16,False
1989-12-30,"Happy Anniversary, Charlie Brown","Various Artists",65,65,65,8,False
1989-12-30,"Big Tyme","Heavy D & The Boyz",66,61,19,27,False
1989-12-30,"Greatest Hits 1982-1989","Chicago",67,71,67,4,False
1989-12-30,"New Jersey","Bon Jovi",68,68,1,65,False
1989-12-30,"Don't Be Cruel","Bobby Brown",69,69,1,76,False
1989-12-30,"Pump Up The Jam - The Album","Technotronic",70,83,70,2,False
1989-12-30,"Foreign Affair","Tina Turner",71,60,31,13,False
1989-12-30,"One Night Of Sin","Joe Cocker",72,77,72,16,False
1989-12-30,"Disintegration","The Cure",73,67,12,33,False
1989-12-30,"Batman (Soundtrack)","Prince",74,72,1,26,False
1989-12-30,"Twice Shy","Great White",75,66,9,35,False
1989-12-30,"The Cactus Album","3rd Bass",76,76,76,5,False
1989-12-30,"Large And In Charge","Chunky A",77,79,77,3,False
1989-12-30,"Nothing Matters Without Love","Seduction",78,80,78,10,False
1989-12-30,"Addictions Vol. I","Robert Palmer",79,85,79,6,False
1989-12-30,"Best Shots","Pat Benatar",80,73,67,6,False
1989-12-30,"Decade","Duran Duran",81,82,81,4,False
1989-12-30,"Neither Fish Nor Flesh","Terence Trent D'Arby",82,78,61,6,False
1989-12-30,"Flowers In The Dirt","Paul McCartney",83,84,21,28,False
1989-12-30,"Greatest Hits...Sound Of Money","Eddie Money",84,88,84,5,False
1989-12-30,"The Fabulous Baker Boys","Soundtrack",85,74,74,7,False
1989-12-30,"You Wanna Dance With Me?","Jody Watley",86,86,86,5,False
1989-12-30,"Sleeping With The Past","Elton John",87,87,23,16,False
1989-12-30,"An Old Time Christmas","Randy Travis",88,70,70,5,False
1989-12-30,"Simple Man","The Charlie Daniels Band",89,102,89,6,False
1989-12-30,"Killin' Time","Clint Black",90,91,61,30,False
1989-12-30,"Boys In Heat","Britny Fox",91,93,79,6,False
1989-12-30,"Seminar","Sir Mix-A-Lot",92,89,67,7,False
1989-12-30,"Stay With Me","Regina Belle",93,92,63,16,False
1989-12-30,"Beaches","Soundtrack",94,97,2,50,False
1989-12-30,"Mosaique","Gipsy Kings",95,109,95,3,False
1989-12-30,"Let Love Rule","Lenny Kravitz",96,105,96,6,False
1989-12-30,"The Iceberg/Freedom Of Speech...","Ice-T",97,90,37,10,False
1989-12-30,"March","Michael Penn",98,108,98,6,False
1989-12-30,"Absolute Torch And Twang","k.d. lang & The Reclines",99,103,76,29,False
1989-12-30,"Make A Difference Foundation","Various Artists",100,100,100,3,False
1989-12-30,"December","George Winston",101,110,101,3,False
1989-12-30,"Enuff Z'Nuff","Enuff Z'Nuff",102,104,74,14,False
1989-12-30,"24/7","Dino",103,98,34,41,False
1989-12-30,"Pickin' On Nashville","The Kentucky Headhunters",104,126,104,3,False
1989-12-30,"Oh Mercy","Bob Dylan",105,99,30,13,False
1989-12-30,"Shotgun Messiah","Shotgun Messiah",106,106,99,11,False
1989-12-30,"Smithereens 11","The Smithereens",107,113,84,7,False
1989-12-30,"Nick Of Time","Bonnie Raitt",108,119,22,38,False
1989-12-30,"When Harry Met Sally (Soundtrack)","Harry Connick, Jr.",109,137,42,20,False
1989-12-30,"Appetite For Destruction","Guns N' Roses",110,107,1,123,False
1989-12-30,"The Healer","John Lee Hooker",111,112,101,13,False
1989-12-30,"Billy Ocean's Greatest Hits","Billy Ocean",112,111,77,9,False
1989-12-30,"Sybil","Sybil",113,96,75,11,False
1989-12-30,"The Phantom Of The Opera","Original London Cast Recording",114,139,33,88,False
1989-12-30,"Don't Take It Personal","Jermaine Jackson",115,118,115,5,False
1989-12-30,"What You Don't Know","Expose",116,127,33,27,False
1989-12-30,"Jeff Beck's Guitar Shop","Jeff Beck With Terry Bozzio & Tony Hymas",117,95,49,11,False
1989-12-30,"No One Can Do It Better","The D.O.C.",118,101,20,20,False
1989-12-30,"Christmas In America","Kenny Rogers",119,124,119,3,False
1989-12-30,"Zig Zag","Hooters",120,120,120,5,False
1989-12-30,"Wild!","Erasure",121,94,57,8,False
1989-12-30,"Long Hard Look","Lou Gramm",122,122,122,8,False
1989-12-30,"Black & White Night: 30","Roy Orbison",123,123,123,5,False
1989-12-30,"Warm And Tender","Olivia Newton-John",124,153,124,5,False
1989-12-30,"Vivid","Living Colour",125,117,6,70,False
1989-12-30,"Captain Swing","Michelle Shocked",126,129,95,8,False
1989-12-30,"Greatest Hits","The Moody Blues",127,128,127,4,False
1989-12-30,"Avalon Sunset","Van Morrison",128,132,91,27,False
1989-12-30,"Dice","Andrew Dice Clay",129,135,94,36,False
1989-12-30,"Singles Collection - The London Years","The Rolling Stones",130,125,91,17,False
1989-12-30,"In Step","Stevie Ray Vaughan And Double Trouble",131,115,33,27,False
1989-12-30,"It's A Big Daddy Thing","Big Daddy Kane",132,130,33,13,False
1989-12-30,"Still Cruisin'","The Beach Boys",133,140,46,16,False
1989-12-30,"Rei Momo","David Byrne",134,131,71,11,False
1989-12-30,"Last Of The Runaways","Giant",135,133,91,12,False
1989-12-30,"Home","Stephanie Mills",136,114,82,24,False
1989-12-30,"Handle With Care","Nuclear Assault",137,134,134,7,False
1989-12-30,"Rock Island","Jethro Tull",138,142,56,14,False
1989-12-30,"Electric Youth","Debbie Gibson",139,138,1,47,False
1989-12-30,"Jive Bunny - The Album","Jive Bunny & The Mastermixers",140,0,140,1,True
1989-12-30,"Babylon A.D.","Babylon A.D.",141,150,141,5,False
1989-12-30,"Let's Get It Started","M.C. Hammer",142,141,30,57,False
1989-12-30,"Straight Outta Compton","N.W.A",143,143,37,44,False
1989-12-30,"XYZ","XYZ",144,152,144,3,False
1989-12-30,"Silky Soul","Maze Featuring Frankie Beverly",145,116,37,15,False
1989-12-30,"Smoking In The Fields","The Del Fuegos",146,147,139,10,False
1989-12-30,"Animal Logic","Animal Logic",147,165,147,4,False
1989-12-30,"The Biz Never Sleeps","Biz Markie",148,146,66,10,False
1989-12-30,"Change","The Alarm",149,149,75,12,False
1989-12-30,"Shocker - The Music","Soundtrack",150,136,97,7,False
1989-12-30,"Kevin Paige","Kevin Paige",151,121,107,15,False
1989-12-30,"Heart Like A Gun","Fiona",152,157,152,6,False
1989-12-30,"Soulforce Revolution","7 Seconds",153,155,153,9,False
1989-12-30,"...And Justice For All","Metallica",154,162,6,67,False
1989-12-30,"Groove Approved","Paul Carrack",155,144,120,8,False
1989-12-30,"Greenpeace: Rainbow Warriors","Various Artists",156,156,68,22,False
1989-12-30,"Y U I Orta","Ian Hunter/Mick Ronson",157,160,157,10,False
1989-12-30,"Hysteria","Def Leppard",158,158,1,124,False
1989-12-30,"Rich And Poor","Randy Crawford",159,159,159,7,False
1989-12-30,"Life Is...Too Short","Too $hort",160,164,37,45,False
1989-12-30,"Eazy-Duz-It","Eazy-E",161,161,41,56,False
1989-12-30,"A GRP Christmas Collection","Various Artists",162,0,162,1,True
1989-12-30,"The Mind Is A Terrible Thing To Taste","Ministry",163,163,163,4,False
1989-12-30,"It Takes Two","Rob Base & D.J. E-Z Rock",164,166,31,65,False
1989-12-30,"Steady On","Shawn Colvin",165,174,165,3,False
1989-12-30,"Dangerous Toys","Dangerous Toys",166,148,65,29,False
1989-12-30,"The Real Thing","Angela Winbush",167,145,113,8,False
1989-12-30,"Nothing Face","Voivod",168,168,168,3,False
1989-12-30,"Eyes On This","MC Lyte",169,154,86,11,False
1989-12-30,"Pure","The Primitives",170,170,170,2,False
1989-12-30,"Raw Like Sushi","Neneh Cherry",171,175,40,28,False
1989-12-30,"Cocked & Loaded","L.A. Guns",172,151,57,16,False
1989-12-30,"Strange Fire","Indigo Girls",173,194,167,6,False
1989-12-30,"All Hail The Queen","Queen Latifah",174,181,174,3,False
1989-12-30,"Raging Slab","Raging Slab",175,173,113,10,False
1989-12-30,"Monster","Fetchin Bones",176,180,175,7,False
1989-12-30,"Surprise Attack","Tora Tora",177,172,47,25,False
1989-12-30,"Psycho Cafe","Bang Tango",178,191,58,27,False
1989-12-30,"After 7","After 7",179,169,132,12,False
1989-12-30,"Thrash Zone","D.R.I.",180,183,180,2,False
1989-12-30,"UK Jive","The Kinks",181,179,122,6,False
1989-12-30,"Results","Liza Minnelli",182,188,128,8,False
1989-12-30,"Danger Danger","Danger Danger",183,187,88,20,False
1989-12-30,"Wake Me When It's Over","Faster Pussycat",184,167,60,15,False
1989-12-30,"Sound + Vision","David Bowie",185,192,97,12,False
1989-12-30,"State Of The Heart","Mary Chapin Carpenter",186,186,186,4,False
1989-12-30,"Larger Than Life","Jody Watley",187,177,16,38,False
1989-12-30,"Gorky Park","Gorky Park",188,182,80,17,False
1989-12-30,"Round Trip","The Gap Band",189,198,189,4,False
1989-12-30,"Saraya","Saraya",190,171,79,35,False
1989-12-30,"In The Land Of Salvation And Sin","The Georgia Satellites",191,190,130,8,False
1989-12-30,"Be Yourself","Patti LaBelle",192,176,86,24,False
1989-12-30,"Strange Angels","Laurie Anderson",193,200,171,7,False
1989-12-30,"See The Light","The Jeff Healey Band",194,184,22,65,False
1989-12-30,"Trouble Walkin'","Ace Frehley",195,178,102,8,False
1989-12-30,"Greatest Hits 1979-1990","Dionne Warwick",196,196,196,2,False
1989-12-30,"Where Do We Go From Here","Michael Damian",197,0,61,18,False
1989-12-30,"Wild Weekend","NRBQ",198,0,198,1,True
1989-12-30,"Trial By Fire: Live In Leningrad","Yngwie Malmsteen",199,195,128,7,False
1989-12-30,"Automatic","The Jesus And Mary Chain",200,199,172,6,False
1989-12-23,"Girl You Know It's True","Milli Vanilli",1,2,1,40,False
1989-12-23,"Storm Front","Billy Joel",2,1,1,8,False
1989-12-23,"Janet Jackson's Rhythm Nation 1814","Janet Jackson",3,3,1,12,False
1989-12-23,"...But Seriously","Phil Collins",4,6,4,4,False
1989-12-23,"Forever Your Girl","Paula Abdul",5,4,1,75,False
1989-12-23,"Hangin' Tough","New Kids On The Block",6,5,1,70,False
1989-12-23,"Pump","Aerosmith",7,9,5,13,False
1989-12-23,"Cosmic Thing","The B-52s",8,7,6,23,False
1989-12-23,"Merry, Merry Christmas","New Kids On The Block",9,14,9,11,False
1989-12-23,"Full Moon Fever","Tom Petty",10,15,3,33,False
1989-12-23,"Steel Wheels","The Rolling Stones",11,8,3,15,False
1989-12-23,"Cry Like A Rainstorm, Howl Like The Wind","Linda Ronstadt (Featuring Aaron Neville)",12,12,12,10,False
1989-12-23,"Dr. Feelgood","Motley Crue",13,13,1,14,False
1989-12-23,"Slip Of The Tongue","Whitesnake",14,10,10,5,False
1989-12-23,"Stone Cold Rhymin'","Young M.C.",15,11,9,14,False
1989-12-23,"Presto","Rush",16,16,16,4,False
1989-12-23,"Repeat Offender","Richard Marx",17,18,1,32,False
1989-12-23,"Journeyman","Eric Clapton",18,21,18,5,False
1989-12-23,"Heart Of Stone","Cher",19,20,10,23,False
1989-12-23,"Keep On Movin'","Soul II Soul",20,19,14,25,False
1989-12-23,"Dance!...Ya Know It!","Bobby Brown",21,25,21,4,False
1989-12-23,"Crossroads","Tracy Chapman",22,17,9,10,False
1989-12-23,"Skid Row","Skid Row",23,22,6,46,False
1989-12-23,"Flying In A Blue Dream","Joe Satriani",24,23,23,6,False
1989-12-23,"The Seeds Of Love","Tears For Fears",25,24,8,12,False
1989-12-23,"Tender Lover","Babyface",26,29,25,21,False
1989-12-23,"Back On The Block","Quincy Jones",27,49,27,3,False
1989-12-23,"New Kids On The Block","New Kids On The Block",28,30,28,21,False
1989-12-23,"Trash","Alice Cooper",29,27,20,20,False
1989-12-23,"The Best Of Luther Vandross: The Best Of Love","Luther Vandross",30,28,28,8,False
1989-12-23,"Bad English","Bad English",31,26,21,24,False
1989-12-23,"The End Of The Innocence","Don Henley",32,31,8,24,False
1989-12-23,"As Nasty As They Wanna Be","The 2 Live Crew",33,33,30,22,False
1989-12-23,"A Collection: Greatest Hits...And More","Barbra Streisand",34,32,26,10,False
1989-12-23,"Soul Provider","Michael Bolton",35,41,35,23,False
1989-12-23,"We Too Are One","Eurythmics",36,35,34,13,False
1989-12-23,"Live","Kenny G",37,52,37,3,False
1989-12-23,"Cuts Both Ways","Gloria Estefan",38,36,8,22,False
1989-12-23,"And In This Corner","D.J. Jazzy Jeff & The Fresh Prince",39,39,39,6,False
1989-12-23,"The Disregard Of Timekeeping","Bonham",40,38,38,12,False
1989-12-23,"Brave And Crazy","Melissa Etheridge",41,40,22,12,False
1989-12-23,"Can't Fight Fate","Taylor Dayne",42,42,42,6,False
1989-12-23,"Runaway Horses","Belinda Carlisle",43,37,37,10,False
1989-12-23,"The Raw & The Cooked","Fine Young Cannibals",44,34,1,42,False
1989-12-23,"Hot In The Shade","KISS",45,43,29,8,False
1989-12-23,"A Fresh Aire Christmas","Mannheim Steamroller",46,63,46,4,False
1989-12-23,"Freedom","Neil Young",47,45,35,10,False
1989-12-23,"Look Sharp!","Roxette",48,47,28,36,False
1989-12-23,"Legacy","Poco",49,55,40,14,False
1989-12-23,"The Sensual World","Kate Bush",50,46,43,8,False
1989-12-23,"Built To Last","Grateful Dead",51,44,27,6,False
1989-12-23,"Blow My Fuse","KIX",52,50,46,47,False
1989-12-23,"Flying Cowboys","Rickie Lee Jones",53,48,39,11,False
1989-12-23,"Greatest Hits - Best Of Rockers N' Ballads","Scorpions",54,57,54,4,False
1989-12-23,"Mannheim Steamroller Christmas","Mannheim Steamroller",55,70,55,4,False
1989-12-23,"The Incredible Base","Rob Base",56,59,56,3,False
1989-12-23,"Like A Prayer","Madonna",57,61,1,38,False
1989-12-23,"Mother's Milk","Red Hot Chili Peppers",58,53,52,15,False
1989-12-23,"A Very Special Christmas","Various Artists",59,75,59,3,False
1989-12-23,"Foreign Affair","Tina Turner",60,51,31,12,False
1989-12-23,"Big Tyme","Heavy D & The Boyz",61,54,19,26,False
1989-12-23,"The Great Radio Controversy","Tesla",62,65,18,40,False
1989-12-23,"Dirty Rotten Filthy Stinking Rich","Warrant",63,58,10,43,False
1989-12-23,"No Holdin' Back","Randy Travis",64,64,33,11,False
1989-12-23,"Happy Anniversary, Charlie Brown","Various Artists",65,68,65,7,False
1989-12-23,"Twice Shy","Great White",66,56,9,34,False
1989-12-23,"Disintegration","The Cure",67,62,12,32,False
1989-12-23,"New Jersey","Bon Jovi",68,71,1,64,False
1989-12-23,"Don't Be Cruel","Bobby Brown",69,60,1,75,False
1989-12-23,"An Old Time Christmas","Randy Travis",70,80,70,4,False
1989-12-23,"Greatest Hits 1982-1989","Chicago",71,92,71,3,False
1989-12-23,"Batman (Soundtrack)","Prince",72,66,1,25,False
1989-12-23,"Best Shots","Pat Benatar",73,67,67,5,False
1989-12-23,"The Fabulous Baker Boys","Soundtrack",74,74,74,6,False
1989-12-23,"The Little Mermaid","Soundtrack",75,102,75,2,False
1989-12-23,"The Cactus Album","3rd Bass",76,76,76,4,False
1989-12-23,"One Night Of Sin","Joe Cocker",77,78,77,15,False
1989-12-23,"Neither Fish Nor Flesh","Terence Trent D'Arby",78,69,61,5,False
1989-12-23,"Large And In Charge","Chunky A",79,96,79,2,False
1989-12-23,"Nothing Matters Without Love","Seduction",80,82,80,9,False
1989-12-23,"Storyteller/Complete Anthology: 1964-1990","Rod Stewart",81,88,81,4,False
1989-12-23,"Decade","Duran Duran",82,84,82,3,False
1989-12-23,"Pump Up The Jam - The Album","Technotronic",83,0,83,1,True
1989-12-23,"Flowers In The Dirt","Paul McCartney",84,87,21,27,False
1989-12-23,"Addictions Vol. I","Robert Palmer",85,86,85,5,False
1989-12-23,"You Wanna Dance With Me?","Jody Watley",86,89,86,4,False
1989-12-23,"Sleeping With The Past","Elton John",87,72,23,15,False
1989-12-23,"Greatest Hits...Sound Of Money","Eddie Money",88,114,88,4,False
1989-12-23,"Seminar","Sir Mix-A-Lot",89,81,67,6,False
1989-12-23,"The Iceberg/Freedom Of Speech...","Ice-T",90,73,37,9,False
1989-12-23,"Killin' Time","Clint Black",91,93,61,29,False
1989-12-23,"Stay With Me","Regina Belle",92,85,63,15,False
1989-12-23,"Boys In Heat","Britny Fox",93,79,79,5,False
1989-12-23,"Wild!","Erasure",94,90,57,7,False
1989-12-23,"Jeff Beck's Guitar Shop","Jeff Beck With Terry Bozzio & Tony Hymas",95,77,49,10,False
1989-12-23,"Sybil","Sybil",96,95,75,10,False
1989-12-23,"Beaches","Soundtrack",97,97,2,49,False
1989-12-23,"24/7","Dino",98,94,34,40,False
1989-12-23,"Oh Mercy","Bob Dylan",99,83,30,12,False
1989-12-23,"Make A Difference Foundation","Various Artists",100,122,100,2,False
1989-12-23,"No One Can Do It Better","The D.O.C.",101,91,20,19,False
1989-12-23,"Simple Man","The Charlie Daniels Band",102,115,102,5,False
1989-12-23,"Absolute Torch And Twang","k.d. lang & The Reclines",103,119,76,28,False
1989-12-23,"Enuff Z'Nuff","Enuff Z'Nuff",104,98,74,13,False
1989-12-23,"Let Love Rule","Lenny Kravitz",105,125,105,5,False
1989-12-23,"Shotgun Messiah","Shotgun Messiah",106,108,99,10,False
1989-12-23,"Appetite For Destruction","Guns N' Roses",107,107,1,122,False
1989-12-23,"March","Michael Penn",108,117,108,5,False
1989-12-23,"Mosaique","Gipsy Kings",109,109,109,2,False
1989-12-23,"December","George Winston",110,143,110,2,False
1989-12-23,"Billy Ocean's Greatest Hits","Billy Ocean",111,101,77,8,False
1989-12-23,"The Healer","John Lee Hooker",112,121,101,12,False
1989-12-23,"Smithereens 11","The Smithereens",113,105,84,6,False
1989-12-23,"Home","Stephanie Mills",114,106,82,23,False
1989-12-23,"In Step","Stevie Ray Vaughan And Double Trouble",115,113,33,26,False
1989-12-23,"Silky Soul","Maze Featuring Frankie Beverly",116,100,37,14,False
1989-12-23,"Vivid","Living Colour",117,104,6,69,False
1989-12-23,"Don't Take It Personal","Jermaine Jackson",118,118,118,4,False
1989-12-23,"Nick Of Time","Bonnie Raitt",119,111,22,37,False
1989-12-23,"Zig Zag","Hooters",120,132,120,4,False
1989-12-23,"Kevin Paige","Kevin Paige",121,110,107,14,False
1989-12-23,"Long Hard Look","Lou Gramm",122,124,122,7,False
1989-12-23,"Black & White Night: 30","Roy Orbison",123,123,123,4,False
1989-12-23,"Christmas In America","Kenny Rogers",124,137,124,2,False
1989-12-23,"Singles Collection - The London Years","The Rolling Stones",125,126,91,16,False
1989-12-23,"Pickin' On Nashville","The Kentucky Headhunters",126,152,126,2,False
1989-12-23,"What You Don't Know","Expose",127,116,33,26,False
1989-12-23,"Greatest Hits","The Moody Blues",128,142,128,3,False
1989-12-23,"Captain Swing","Michelle Shocked",129,139,95,7,False
1989-12-23,"It's A Big Daddy Thing","Big Daddy Kane",130,103,33,12,False
1989-12-23,"Rei Momo","David Byrne",131,99,71,10,False
1989-12-23,"Avalon Sunset","Van Morrison",132,134,91,26,False
1989-12-23,"Last Of The Runaways","Giant",133,128,91,11,False
1989-12-23,"Handle With Care","Nuclear Assault",134,135,134,6,False
1989-12-23,"Dice","Andrew Dice Clay",135,133,94,35,False
1989-12-23,"Shocker - The Music","Soundtrack",136,129,97,6,False
1989-12-23,"When Harry Met Sally (Soundtrack)","Harry Connick, Jr.",137,127,42,19,False
1989-12-23,"Electric Youth","Debbie Gibson",138,136,1,46,False
1989-12-23,"The Phantom Of The Opera","Original London Cast Recording",139,153,33,87,False
1989-12-23,"Still Cruisin'","The Beach Boys",140,140,46,15,False
1989-12-23,"Let's Get It Started","M.C. Hammer",141,130,30,56,False
1989-12-23,"Rock Island","Jethro Tull",142,112,56,13,False
1989-12-23,"Straight Outta Compton","N.W.A",143,146,37,43,False
1989-12-23,"Groove Approved","Paul Carrack",144,120,120,7,False
1989-12-23,"The Real Thing","Angela Winbush",145,141,113,7,False
1989-12-23,"The Biz Never Sleeps","Biz Markie",146,131,66,9,False
1989-12-23,"Smoking In The Fields","The Del Fuegos",147,172,139,9,False
1989-12-23,"Dangerous Toys","Dangerous Toys",148,138,65,28,False
1989-12-23,"Change","The Alarm",149,149,75,11,False
1989-12-23,"Babylon A.D.","Babylon A.D.",150,156,150,4,False
1989-12-23,"Cocked & Loaded","L.A. Guns",151,150,57,15,False
1989-12-23,"XYZ","XYZ",152,168,152,2,False
1989-12-23,"Warm And Tender","Olivia Newton-John",153,177,153,4,False
1989-12-23,"Eyes On This","MC Lyte",154,148,86,10,False
1989-12-23,"Soulforce Revolution","7 Seconds",155,155,155,8,False
1989-12-23,"Greenpeace: Rainbow Warriors","Various Artists",156,165,68,21,False
1989-12-23,"Heart Like A Gun","Fiona",157,157,157,5,False
1989-12-23,"Hysteria","Def Leppard",158,164,1,123,False
1989-12-23,"Rich And Poor","Randy Crawford",159,181,159,6,False
1989-12-23,"Y U I Orta","Ian Hunter/Mick Ronson",160,158,158,9,False
1989-12-23,"Eazy-Duz-It","Eazy-E",161,154,41,55,False
1989-12-23,"...And Justice For All","Metallica",162,163,6,66,False
1989-12-23,"The Mind Is A Terrible Thing To Taste","Ministry",163,182,163,3,False
1989-12-23,"Life Is...Too Short","Too $hort",164,162,37,44,False
1989-12-23,"Animal Logic","Animal Logic",165,183,165,3,False
1989-12-23,"It Takes Two","Rob Base & D.J. E-Z Rock",166,147,31,64,False
1989-12-23,"Wake Me When It's Over","Faster Pussycat",167,166,60,14,False
1989-12-23,"Nothing Face","Voivod",168,190,168,2,False
1989-12-23,"After 7","After 7",169,151,132,11,False
1989-12-23,"Pure","The Primitives",170,0,170,1,True
1989-12-23,"Saraya","Saraya",171,176,79,34,False
1989-12-23,"Surprise Attack","Tora Tora",172,179,47,24,False
1989-12-23,"Raging Slab","Raging Slab",173,174,113,9,False
1989-12-23,"Steady On","Shawn Colvin",174,185,174,2,False
1989-12-23,"Raw Like Sushi","Neneh Cherry",175,193,40,27,False
1989-12-23,"Be Yourself","Patti LaBelle",176,178,86,23,False
1989-12-23,"Larger Than Life","Jody Watley",177,160,16,37,False
1989-12-23,"Trouble Walkin'","Ace Frehley",178,171,102,7,False
1989-12-23,"UK Jive","The Kinks",179,145,122,5,False
1989-12-23,"Monster","Fetchin Bones",180,175,175,6,False
1989-12-23,"All Hail The Queen","Queen Latifah",181,198,181,2,False
1989-12-23,"Gorky Park","Gorky Park",182,195,80,16,False
1989-12-23,"Thrash Zone","D.R.I.",183,0,183,1,True
1989-12-23,"See The Light","The Jeff Healey Band",184,144,22,64,False
1989-12-23,"Big Game","White Lion",185,161,19,26,False
1989-12-23,"State Of The Heart","Mary Chapin Carpenter",186,194,186,3,False
1989-12-23,"Danger Danger","Danger Danger",187,159,88,19,False
1989-12-23,"Results","Liza Minnelli",188,170,128,7,False
1989-12-23,"Big Ones","Loverboy",189,0,189,1,True
1989-12-23,"In The Land Of Salvation And Sin","The Georgia Satellites",190,173,130,7,False
1989-12-23,"Psycho Cafe","Bang Tango",191,167,58,26,False
1989-12-23,"Sound + Vision","David Bowie",192,188,97,11,False
1989-12-23,"Brother Arab","Arabian Prince",193,197,193,2,False
1989-12-23,"Strange Fire","Indigo Girls",194,200,167,5,False
1989-12-23,"Trial By Fire: Live In Leningrad","Yngwie Malmsteen",195,0,128,6,False
1989-12-23,"Greatest Hits 1979-1990","Dionne Warwick",196,0,196,1,True
1989-12-23,"Key Lime Pie","Camper van Beethoven",197,186,141,12,False
1989-12-23,"Round Trip","The Gap Band",198,196,196,3,False
1989-12-23,"Automatic","The Jesus And Mary Chain",199,189,172,5,False
1989-12-23,"Strange Angels","Laurie Anderson",200,192,171,6,False
1989-12-16,"Storm Front","Billy Joel",1,2,1,7,False
1989-12-16,"Girl You Know It's True","Milli Vanilli",2,1,1,39,False
1989-12-16,"Janet Jackson's Rhythm Nation 1814","Janet Jackson",3,3,1,11,False
1989-12-16,"Forever Your Girl","Paula Abdul",4,4,1,74,False
1989-12-16,"Hangin' Tough","New Kids On The Block",5,5,1,69,False
1989-12-16,"...But Seriously","Phil Collins",6,17,6,3,False
1989-12-16,"Cosmic Thing","The B-52s",7,6,6,22,False
1989-12-16,"Steel Wheels","The Rolling Stones",8,7,3,14,False
1989-12-16,"Pump","Aerosmith",9,8,5,12,False
1989-12-16,"Slip Of The Tongue","Whitesnake",10,11,10,4,False
1989-12-16,"Stone Cold Rhymin'","Young M.C.",11,9,9,13,False
1989-12-16,"Cry Like A Rainstorm, Howl Like The Wind","Linda Ronstadt (Featuring Aaron Neville)",12,13,12,9,False
1989-12-16,"Dr. Feelgood","Motley Crue",13,10,1,13,False
1989-12-16,"Merry, Merry Christmas","New Kids On The Block",14,14,14,10,False
1989-12-16,"Full Moon Fever","Tom Petty",15,12,3,32,False
1989-12-16,"Presto","Rush",16,22,16,3,False
1989-12-16,"Crossroads","Tracy Chapman",17,15,9,9,False
1989-12-16,"Repeat Offender","Richard Marx",18,16,1,31,False
1989-12-16,"Keep On Movin'","Soul II Soul",19,18,14,24,False
1989-12-16,"Heart Of Stone","Cher",20,19,10,22,False
1989-12-16,"Journeyman","Eric Clapton",21,26,21,4,False
1989-12-16,"Skid Row","Skid Row",22,21,6,45,False
1989-12-16,"Flying In A Blue Dream","Joe Satriani",23,23,23,5,False
1989-12-16,"The Seeds Of Love","Tears For Fears",24,20,8,11,False
1989-12-16,"Dance!...Ya Know It!","Bobby Brown",25,42,25,3,False
1989-12-16,"Bad English","Bad English",26,24,21,23,False
1989-12-16,"Trash","Alice Cooper",27,25,20,19,False
1989-12-16,"The Best Of Luther Vandross: The Best Of Love","Luther Vandross",28,29,28,7,False
1989-12-16,"Tender Lover","Babyface",29,28,25,20,False
1989-12-16,"New Kids On The Block","New Kids On The Block",30,37,30,20,False
1989-12-16,"The End Of The Innocence","Don Henley",31,27,8,23,False
1989-12-16,"A Collection: Greatest Hits...And More","Barbra Streisand",32,30,26,9,False
1989-12-16,"As Nasty As They Wanna Be","The 2 Live Crew",33,32,30,21,False
1989-12-16,"The Raw & The Cooked","Fine Young Cannibals",34,31,1,41,False
1989-12-16,"We Too Are One","Eurythmics",35,38,34,12,False
1989-12-16,"Cuts Both Ways","Gloria Estefan",36,36,8,21,False
1989-12-16,"Runaway Horses","Belinda Carlisle",37,40,37,9,False
1989-12-16,"The Disregard Of Timekeeping","Bonham",38,41,38,11,False
1989-12-16,"And In This Corner","D.J. Jazzy Jeff & The Fresh Prince",39,39,39,5,False
1989-12-16,"Brave And Crazy","Melissa Etheridge",40,35,22,11,False
1989-12-16,"Soul Provider","Michael Bolton",41,47,41,22,False
1989-12-16,"Can't Fight Fate","Taylor Dayne",42,49,42,5,False
1989-12-16,"Hot In The Shade","KISS",43,33,29,7,False
1989-12-16,"Built To Last","Grateful Dead",44,34,27,5,False
1989-12-16,"Freedom","Neil Young",45,43,35,9,False
1989-12-16,"The Sensual World","Kate Bush",46,46,43,7,False
1989-12-16,"Look Sharp!","Roxette",47,44,28,35,False
1989-12-16,"Flying Cowboys","Rickie Lee Jones",48,45,39,10,False
1989-12-16,"Back On The Block","Quincy Jones",49,102,49,2,False
1989-12-16,"Blow My Fuse","KIX",50,50,46,46,False
1989-12-16,"Foreign Affair","Tina Turner",51,48,31,11,False
1989-12-16,"Live","Kenny G",52,133,52,2,False
1989-12-16,"Mother's Milk","Red Hot Chili Peppers",53,54,52,14,False
1989-12-16,"Big Tyme","Heavy D & The Boyz",54,56,19,25,False
1989-12-16,"Legacy","Poco",55,53,40,13,False
1989-12-16,"Twice Shy","Great White",56,55,9,33,False
1989-12-16,"Greatest Hits - Best Of Rockers N' Ballads","Scorpions",57,64,57,3,False
1989-12-16,"Dirty Rotten Filthy Stinking Rich","Warrant",58,51,10,42,False
1989-12-16,"The Incredible Base","Rob Base",59,105,59,2,False
1989-12-16,"Don't Be Cruel","Bobby Brown",60,52,1,74,False
1989-12-16,"Like A Prayer","Madonna",61,59,1,37,False
1989-12-16,"Disintegration","The Cure",62,57,12,31,False
1989-12-16,"A Fresh Aire Christmas","Mannheim Steamroller",63,77,63,3,False
1989-12-16,"No Holdin' Back","Randy Travis",64,58,33,10,False
1989-12-16,"The Great Radio Controversy","Tesla",65,63,18,39,False
1989-12-16,"Batman (Soundtrack)","Prince",66,65,1,24,False
1989-12-16,"Best Shots","Pat Benatar",67,68,67,4,False
1989-12-16,"Happy Anniversary, Charlie Brown","Various Artists",68,69,68,6,False
1989-12-16,"Neither Fish Nor Flesh","Terence Trent D'Arby",69,61,61,4,False
1989-12-16,"Mannheim Steamroller Christmas","Mannheim Steamroller",70,100,70,3,False
1989-12-16,"New Jersey","Bon Jovi",71,70,1,63,False
1989-12-16,"Sleeping With The Past","Elton John",72,60,23,14,False
1989-12-16,"The Iceberg/Freedom Of Speech...","Ice-T",73,62,37,8,False
1989-12-16,"The Fabulous Baker Boys","Soundtrack",74,78,74,5,False
1989-12-16,"A Very Special Christmas","Various Artists",75,131,75,2,False
1989-12-16,"The Cactus Album","3rd Bass",76,81,76,3,False
1989-12-16,"Jeff Beck's Guitar Shop","Jeff Beck With Terry Bozzio & Tony Hymas",77,67,49,9,False
1989-12-16,"One Night Of Sin","Joe Cocker",78,89,78,14,False
1989-12-16,"Boys In Heat","Britny Fox",79,79,79,4,False
1989-12-16,"An Old Time Christmas","Randy Travis",80,108,80,3,False
1989-12-16,"Seminar","Sir Mix-A-Lot",81,76,67,5,False
1989-12-16,"Nothing Matters Without Love","Seduction",82,87,82,8,False
1989-12-16,"Oh Mercy","Bob Dylan",83,66,30,11,False
1989-12-16,"Decade","Duran Duran",84,156,84,2,False
1989-12-16,"Stay With Me","Regina Belle",85,72,63,14,False
1989-12-16,"Addictions Vol. I","Robert Palmer",86,92,86,4,False
1989-12-16,"Flowers In The Dirt","Paul McCartney",87,98,21,26,False
1989-12-16,"Storyteller/Complete Anthology: 1964-1990","Rod Stewart",88,103,88,3,False
1989-12-16,"You Wanna Dance With Me?","Jody Watley",89,91,89,3,False
1989-12-16,"Wild!","Erasure",90,71,57,6,False
1989-12-16,"No One Can Do It Better","The D.O.C.",91,73,20,18,False
1989-12-16,"Greatest Hits 1982-1989","Chicago",92,195,92,2,False
1989-12-16,"Killin' Time","Clint Black",93,74,61,28,False
1989-12-16,"24/7","Dino",94,88,34,39,False
1989-12-16,"Sybil","Sybil",95,75,75,9,False
1989-12-16,"Large And In Charge","Chunky A",96,0,96,1,True
1989-12-16,"Beaches","Soundtrack",97,95,2,48,False
1989-12-16,"Enuff Z'Nuff","Enuff Z'Nuff",98,83,74,12,False
1989-12-16,"Rei Momo","David Byrne",99,85,71,9,False
1989-12-16,"Silky Soul","Maze Featuring Frankie Beverly",100,86,37,13,False
1989-12-16,"Billy Ocean's Greatest Hits","Billy Ocean",101,84,77,7,False
1989-12-16,"The Little Mermaid","Soundtrack",102,0,102,1,True
1989-12-16,"It's A Big Daddy Thing","Big Daddy Kane",103,80,33,11,False
1989-12-16,"Vivid","Living Colour",104,82,6,68,False
1989-12-16,"Smithereens 11","The Smithereens",105,93,84,5,False
1989-12-16,"Home","Stephanie Mills",106,96,82,22,False
1989-12-16,"Appetite For Destruction","Guns N' Roses",107,109,1,121,False
1989-12-16,"Shotgun Messiah","Shotgun Messiah",108,121,99,9,False
1989-12-16,"Mosaique","Gipsy Kings",109,0,109,1,True
1989-12-16,"Kevin Paige","Kevin Paige",110,107,107,13,False
1989-12-16,"Nick Of Time","Bonnie Raitt",111,94,22,36,False
1989-12-16,"Rock Island","Jethro Tull",112,90,56,12,False
1989-12-16,"In Step","Stevie Ray Vaughan And Double Trouble",113,104,33,25,False
1989-12-16,"Greatest Hits...Sound Of Money","Eddie Money",114,129,114,3,False
1989-12-16,"Simple Man","The Charlie Daniels Band",115,126,115,4,False
1989-12-16,"What You Don't Know","Expose",116,114,33,25,False
1989-12-16,"March","Michael Penn",117,137,117,4,False
1989-12-16,"Don't Take It Personal","Jermaine Jackson",118,148,118,3,False
1989-12-16,"Absolute Torch And Twang","k.d. lang & The Reclines",119,138,76,27,False
1989-12-16,"Groove Approved","Paul Carrack",120,120,120,6,False
1989-12-16,"The Healer","John Lee Hooker",121,110,101,11,False
1989-12-16,"Make A Difference Foundation","Various Artists",122,0,122,1,True
1989-12-16,"Black & White Night: 30","Roy Orbison",123,125,123,3,False
1989-12-16,"Long Hard Look","Lou Gramm",124,124,124,6,False
1989-12-16,"Let Love Rule","Lenny Kravitz",125,149,125,4,False
1989-12-16,"Singles Collection - The London Years","The Rolling Stones",126,119,91,15,False
1989-12-16,"When Harry Met Sally (Soundtrack)","Harry Connick, Jr.",127,127,42,18,False
1989-12-16,"Last Of The Runaways","Giant",128,106,91,10,False
1989-12-16,"Shocker - The Music","Soundtrack",129,97,97,5,False
1989-12-16,"Let's Get It Started","M.C. Hammer",130,112,30,55,False
1989-12-16,"The Biz Never Sleeps","Biz Markie",131,99,66,8,False
1989-12-16,"Zig Zag","Hooters",132,153,132,3,False
1989-12-16,"Dice","Andrew Dice Clay",133,117,94,34,False
1989-12-16,"Avalon Sunset","Van Morrison",134,115,91,25,False
1989-12-16,"Handle With Care","Nuclear Assault",135,146,135,5,False
1989-12-16,"Electric Youth","Debbie Gibson",136,136,1,45,False
1989-12-16,"Christmas In America","Kenny Rogers",137,0,137,1,True
1989-12-16,"Dangerous Toys","Dangerous Toys",138,101,65,27,False
1989-12-16,"Captain Swing","Michelle Shocked",139,134,95,6,False
1989-12-16,"Still Cruisin'","The Beach Boys",140,145,46,14,False
1989-12-16,"The Real Thing","Angela Winbush",141,113,113,6,False
1989-12-16,"Greatest Hits","The Moody Blues",142,187,142,2,False
1989-12-16,"December","George Winston",143,0,143,1,True
1989-12-16,"See The Light","The Jeff Healey Band",144,118,22,63,False
1989-12-16,"UK Jive","The Kinks",145,122,122,4,False
1989-12-16,"Straight Outta Compton","N.W.A",146,111,37,42,False
1989-12-16,"It Takes Two","Rob Base & D.J. E-Z Rock",147,140,31,63,False
1989-12-16,"Eyes On This","MC Lyte",148,143,86,9,False
1989-12-16,"Change","The Alarm",149,116,75,10,False
1989-12-16,"Cocked & Loaded","L.A. Guns",150,130,57,14,False
1989-12-16,"After 7","After 7",151,132,132,10,False
1989-12-16,"Pickin' On Nashville","The Kentucky Headhunters",152,0,152,1,True
1989-12-16,"The Phantom Of The Opera","Original London Cast Recording",153,162,33,86,False
1989-12-16,"Eazy-Duz-It","Eazy-E",154,154,41,54,False
1989-12-16,"Soulforce Revolution","7 Seconds",155,168,155,7,False
1989-12-16,"Babylon A.D.","Babylon A.D.",156,185,156,3,False
1989-12-16,"Heart Like A Gun","Fiona",157,166,157,4,False
1989-12-16,"Y U I Orta","Ian Hunter/Mick Ronson",158,158,158,8,False
1989-12-16,"Danger Danger","Danger Danger",159,159,88,18,False
1989-12-16,"Larger Than Life","Jody Watley",160,141,16,36,False
1989-12-16,"Big Game","White Lion",161,128,19,25,False
1989-12-16,"Life Is...Too Short","Too $hort",162,142,37,43,False
1989-12-16,"...And Justice For All","Metallica",163,152,6,65,False
1989-12-16,"Hysteria","Def Leppard",164,179,1,122,False
1989-12-16,"Greenpeace: Rainbow Warriors","Various Artists",165,165,68,20,False
1989-12-16,"Wake Me When It's Over","Faster Pussycat",166,144,60,13,False
1989-12-16,"Psycho Cafe","Bang Tango",167,123,58,25,False
1989-12-16,"XYZ","XYZ",168,0,168,1,True
1989-12-16,"Love Among The Cannibals","Starship",169,161,64,18,False
1989-12-16,"Results","Liza Minnelli",170,150,128,6,False
1989-12-16,"Trouble Walkin'","Ace Frehley",171,139,102,6,False
1989-12-16,"Smoking In The Fields","The Del Fuegos",172,169,139,8,False
1989-12-16,"In The Land Of Salvation And Sin","The Georgia Satellites",173,155,130,6,False
1989-12-16,"Raging Slab","Raging Slab",174,147,113,8,False
1989-12-16,"Monster","Fetchin Bones",175,176,175,5,False
1989-12-16,"Saraya","Saraya",176,173,79,33,False
1989-12-16,"Warm And Tender","Olivia Newton-John",177,181,177,3,False
1989-12-16,"Be Yourself","Patti LaBelle",178,164,86,22,False
1989-12-16,"Surprise Attack","Tora Tora",179,163,47,23,False
1989-12-16,"Megatop Phoenix","Big Audio",180,157,85,13,False
1989-12-16,"Rich And Poor","Randy Crawford",181,182,181,5,False
1989-12-16,"The Mind Is A Terrible Thing To Taste","Ministry",182,189,182,2,False
1989-12-16,"Animal Logic","Animal Logic",183,194,183,2,False
1989-12-16,"Just Lookin' For A Hit","Dwight Yoakam",184,160,68,10,False
1989-12-16,"Steady On","Shawn Colvin",185,0,185,1,True
1989-12-16,"Key Lime Pie","Camper van Beethoven",186,175,141,11,False
1989-12-16,"Touch Me Tonight, Best Of Shooting Star","Shooting Star",187,151,151,7,False
1989-12-16,"Sound + Vision","David Bowie",188,135,97,10,False
1989-12-16,"Automatic","The Jesus And Mary Chain",189,172,172,4,False
1989-12-16,"Nothing Face","Voivod",190,0,190,1,True
1989-12-16,"Book Of Days","The Psychedelic Furs",191,174,138,4,False
1989-12-16,"Strange Angels","Laurie Anderson",192,171,171,5,False
1989-12-16,"Raw Like Sushi","Neneh Cherry",193,192,40,26,False
1989-12-16,"State Of The Heart","Mary Chapin Carpenter",194,198,194,2,False
1989-12-16,"Gorky Park","Gorky Park",195,178,80,15,False
1989-12-16,"Round Trip","The Gap Band",196,196,196,2,False
1989-12-16,"Brother Arab","Arabian Prince",197,0,197,1,True
1989-12-16,"All Hail The Queen","Queen Latifah",198,0,198,1,True
1989-12-16,"Storms","Nanci Griffith",199,170,99,14,False
1989-12-16,"Strange Fire","Indigo Girls",200,167,167,4,False
1989-12-09,"Girl You Know It's True","Milli Vanilli",1,1,1,38,False
1989-12-09,"Storm Front","Billy Joel",2,2,2,6,False
1989-12-09,"Janet Jackson's Rhythm Nation 1814","Janet Jackson",3,3,1,10,False
1989-12-09,"Forever Your Girl","Paula Abdul",4,4,1,73,False
1989-12-09,"Hangin' Tough","New Kids On The Block",5,5,1,68,False
1989-12-09,"Cosmic Thing","The B-52s",6,7,6,21,False
1989-12-09,"Steel Wheels","The Rolling Stones",7,6,3,13,False
1989-12-09,"Pump","Aerosmith",8,8,5,11,False
1989-12-09,"Stone Cold Rhymin'","Young M.C.",9,10,9,12,False
1989-12-09,"Dr. Feelgood","Motley Crue",10,9,1,12,False
1989-12-09,"Slip Of The Tongue","Whitesnake",11,13,11,3,False
1989-12-09,"Full Moon Fever","Tom Petty",12,12,3,31,False
1989-12-09,"Cry Like A Rainstorm, Howl Like The Wind","Linda Ronstadt (Featuring Aaron Neville)",13,15,13,8,False
1989-12-09,"Merry, Merry Christmas","New Kids On The Block",14,14,14,9,False
1989-12-09,"Crossroads","Tracy Chapman",15,11,9,8,False
1989-12-09,"Repeat Offender","Richard Marx",16,16,1,30,False
1989-12-09,"...But Seriously","Phil Collins",17,82,17,2,False
1989-12-09,"Keep On Movin'","Soul II Soul",18,17,14,23,False
1989-12-09,"Heart Of Stone","Cher",19,20,10,21,False
1989-12-09,"The Seeds Of Love","Tears For Fears",20,18,8,10,False
1989-12-09,"Skid Row","Skid Row",21,19,6,44,False
1989-12-09,"Presto","Rush",22,83,22,2,False
1989-12-09,"Flying In A Blue Dream","Joe Satriani",23,23,23,4,False
1989-12-09,"Bad English","Bad English",24,21,21,22,False
1989-12-09,"Trash","Alice Cooper",25,22,20,18,False
1989-12-09,"Journeyman","Eric Clapton",26,30,26,3,False
1989-12-09,"The End Of The Innocence","Don Henley",27,24,8,22,False
1989-12-09,"Tender Lover","Babyface",28,25,25,19,False
1989-12-09,"The Best Of Luther Vandross: The Best Of Love","Luther Vandross",29,31,29,6,False
1989-12-09,"A Collection: Greatest Hits...And More","Barbra Streisand",30,26,26,8,False
1989-12-09,"The Raw & The Cooked","Fine Young Cannibals",31,28,1,40,False
1989-12-09,"As Nasty As They Wanna Be","The 2 Live Crew",32,34,30,20,False
1989-12-09,"Hot In The Shade","KISS",33,32,29,6,False
1989-12-09,"Built To Last","Grateful Dead",34,27,27,4,False
1989-12-09,"Brave And Crazy","Melissa Etheridge",35,29,22,10,False
1989-12-09,"Cuts Both Ways","Gloria Estefan",36,36,8,20,False
1989-12-09,"New Kids On The Block","New Kids On The Block",37,33,32,19,False
1989-12-09,"We Too Are One","Eurythmics",38,37,34,11,False
1989-12-09,"And In This Corner","D.J. Jazzy Jeff & The Fresh Prince",39,39,39,4,False
1989-12-09,"Runaway Horses","Belinda Carlisle",40,42,40,8,False
1989-12-09,"The Disregard Of Timekeeping","Bonham",41,41,41,10,False
1989-12-09,"Dance!...Ya Know It!","Bobby Brown",42,72,42,2,False
1989-12-09,"Freedom","Neil Young",43,35,35,8,False
1989-12-09,"Look Sharp!","Roxette",44,38,28,34,False
1989-12-09,"Flying Cowboys","Rickie Lee Jones",45,44,39,9,False
1989-12-09,"The Sensual World","Kate Bush",46,43,43,6,False
1989-12-09,"Soul Provider","Michael Bolton",47,53,42,21,False
1989-12-09,"Foreign Affair","Tina Turner",48,48,31,10,False
1989-12-09,"Can't Fight Fate","Taylor Dayne",49,55,49,4,False
1989-12-09,"Blow My Fuse","KIX",50,46,46,45,False
1989-12-09,"Dirty Rotten Filthy Stinking Rich","Warrant",51,45,10,41,False
1989-12-09,"Don't Be Cruel","Bobby Brown",52,40,1,73,False
1989-12-09,"Legacy","Poco",53,47,40,12,False
1989-12-09,"Mother's Milk","Red Hot Chili Peppers",54,52,52,13,False
1989-12-09,"Twice Shy","Great White",55,51,9,32,False
1989-12-09,"Big Tyme","Heavy D & The Boyz",56,54,19,24,False
1989-12-09,"Disintegration","The Cure",57,49,12,30,False
1989-12-09,"No Holdin' Back","Randy Travis",58,50,33,9,False
1989-12-09,"Like A Prayer","Madonna",59,59,1,36,False
1989-12-09,"Sleeping With The Past","Elton John",60,56,23,13,False
1989-12-09,"Neither Fish Nor Flesh","Terence Trent D'Arby",61,61,61,3,False
1989-12-09,"The Iceberg/Freedom Of Speech...","Ice-T",62,58,37,7,False
1989-12-09,"The Great Radio Controversy","Tesla",63,63,18,38,False
1989-12-09,"Greatest Hits - Best Of Rockers N' Ballads","Scorpions",64,120,64,2,False
1989-12-09,"Batman (Soundtrack)","Prince",65,64,1,23,False
1989-12-09,"Oh Mercy","Bob Dylan",66,60,30,10,False
1989-12-09,"Jeff Beck's Guitar Shop","Jeff Beck With Terry Bozzio & Tony Hymas",67,62,49,8,False
1989-12-09,"Best Shots","Pat Benatar",68,68,68,3,False
1989-12-09,"Happy Anniversary, Charlie Brown","Various Artists",69,78,69,5,False
1989-12-09,"New Jersey","Bon Jovi",70,70,1,62,False
1989-12-09,"Wild!","Erasure",71,57,57,5,False
1989-12-09,"Stay With Me","Regina Belle",72,66,63,13,False
1989-12-09,"No One Can Do It Better","The D.O.C.",73,65,20,17,False
1989-12-09,"Killin' Time","Clint Black",74,76,61,27,False
1989-12-09,"Sybil","Sybil",75,75,75,8,False
1989-12-09,"Seminar","Sir Mix-A-Lot",76,67,67,4,False
1989-12-09,"A Fresh Aire Christmas","Mannheim Steamroller",77,114,77,2,False
1989-12-09,"The Fabulous Baker Boys","Soundtrack",78,81,78,4,False
1989-12-09,"Boys In Heat","Britny Fox",79,79,79,3,False
1989-12-09,"It's A Big Daddy Thing","Big Daddy Kane",80,69,33,10,False
1989-12-09,"The Cactus Album","3rd Bass",81,150,81,2,False
1989-12-09,"Vivid","Living Colour",82,71,6,67,False
1989-12-09,"Enuff Z'Nuff","Enuff Z'Nuff",83,85,74,11,False
1989-12-09,"Billy Ocean's Greatest Hits","Billy Ocean",84,77,77,6,False
1989-12-09,"Rei Momo","David Byrne",85,80,71,8,False
1989-12-09,"Silky Soul","Maze Featuring Frankie Beverly",86,73,37,12,False
1989-12-09,"Nothing Matters Without Love","Seduction",87,92,87,7,False
1989-12-09,"24/7","Dino",88,74,34,38,False
1989-12-09,"One Night Of Sin","Joe Cocker",89,91,89,13,False
1989-12-09,"Rock Island","Jethro Tull",90,88,56,11,False
1989-12-09,"You Wanna Dance With Me?","Jody Watley",91,159,91,2,False
1989-12-09,"Addictions Vol. I","Robert Palmer",92,104,92,3,False
1989-12-09,"Smithereens 11","The Smithereens",93,84,84,4,False
1989-12-09,"Nick Of Time","Bonnie Raitt",94,112,22,35,False
1989-12-09,"Beaches","Soundtrack",95,96,2,47,False
1989-12-09,"Home","Stephanie Mills",96,89,82,21,False
1989-12-09,"Shocker - The Music","Soundtrack",97,97,97,4,False
1989-12-09,"Flowers In The Dirt","Paul McCartney",98,129,21,25,False
1989-12-09,"The Biz Never Sleeps","Biz Markie",99,90,66,7,False
1989-12-09,"Mannheim Steamroller Christmas","Mannheim Steamroller",100,144,100,2,False
1989-12-09,"Dangerous Toys","Dangerous Toys",101,87,65,26,False
1989-12-09,"Back On The Block","Quincy Jones",102,0,102,1,True
1989-12-09,"Storyteller/Complete Anthology: 1964-1990","Rod Stewart",103,116,103,2,False
1989-12-09,"In Step","Stevie Ray Vaughan And Double Trouble",104,86,33,24,False
1989-12-09,"The Incredible Base","Rob Base",105,0,105,1,True
1989-12-09,"Last Of The Runaways","Giant",106,106,91,9,False
1989-12-09,"Kevin Paige","Kevin Paige",107,107,107,12,False
1989-12-09,"An Old Time Christmas","Randy Travis",108,140,108,2,False
1989-12-09,"Appetite For Destruction","Guns N' Roses",109,94,1,120,False
1989-12-09,"The Healer","John Lee Hooker",110,101,101,10,False
1989-12-09,"Straight Outta Compton","N.W.A",111,100,37,41,False
1989-12-09,"Let's Get It Started","M.C. Hammer",112,98,30,54,False
1989-12-09,"The Real Thing","Angela Winbush",113,113,113,5,False
1989-12-09,"What You Don't Know","Expose",114,93,33,24,False
1989-12-09,"Avalon Sunset","Van Morrison",115,105,91,24,False
1989-12-09,"Change","The Alarm",116,109,75,9,False
1989-12-09,"Dice","Andrew Dice Clay",117,111,94,33,False
1989-12-09,"See The Light","The Jeff Healey Band",118,103,22,62,False
1989-12-09,"Singles Collection - The London Years","The Rolling Stones",119,117,91,14,False
1989-12-09,"Groove Approved","Paul Carrack",120,123,120,5,False
1989-12-09,"Shotgun Messiah","Shotgun Messiah",121,99,99,8,False
1989-12-09,"UK Jive","The Kinks",122,122,122,3,False
1989-12-09,"Psycho Cafe","Bang Tango",123,115,58,24,False
1989-12-09,"Long Hard Look","Lou Gramm",124,126,124,5,False
1989-12-09,"Black & White Night: 30","Roy Orbison",125,125,125,2,False
1989-12-09,"Simple Man","The Charlie Daniels Band",126,145,126,3,False
1989-12-09,"When Harry Met Sally (Soundtrack)","Harry Connick, Jr.",127,135,42,17,False
1989-12-09,"Big Game","White Lion",128,95,19,24,False
1989-12-09,"Greatest Hits...Sound Of Money","Eddie Money",129,194,129,2,False
1989-12-09,"Cocked & Loaded","L.A. Guns",130,118,57,13,False
1989-12-09,"A Very Special Christmas","Various Artists",131,0,131,1,True
1989-12-09,"After 7","After 7",132,132,132,9,False
1989-12-09,"Live","Kenny G",133,0,133,1,True
1989-12-09,"Captain Swing","Michelle Shocked",134,110,95,5,False
1989-12-09,"Sound + Vision","David Bowie",135,139,97,9,False
1989-12-09,"Electric Youth","Debbie Gibson",136,143,1,44,False
1989-12-09,"March","Michael Penn",137,156,137,3,False
1989-12-09,"Absolute Torch And Twang","k.d. lang & The Reclines",138,128,76,26,False
1989-12-09,"Trouble Walkin'","Ace Frehley",139,102,102,5,False
1989-12-09,"It Takes Two","Rob Base & D.J. E-Z Rock",140,124,31,62,False
1989-12-09,"Larger Than Life","Jody Watley",141,121,16,35,False
1989-12-09,"Life Is...Too Short","Too $hort",142,134,37,42,False
1989-12-09,"Eyes On This","MC Lyte",143,108,86,8,False
1989-12-09,"Wake Me When It's Over","Faster Pussycat",144,127,60,12,False
1989-12-09,"Still Cruisin'","The Beach Boys",145,119,46,13,False
1989-12-09,"Handle With Care","Nuclear Assault",146,146,146,4,False
1989-12-09,"Raging Slab","Raging Slab",147,133,113,7,False
1989-12-09,"Don't Take It Personal","Jermaine Jackson",148,154,148,2,False
1989-12-09,"Let Love Rule","Lenny Kravitz",149,162,149,3,False
1989-12-09,"Results","Liza Minnelli",150,147,128,5,False
1989-12-09,"Touch Me Tonight, Best Of Shooting Star","Shooting Star",151,151,151,6,False
1989-12-09,"...And Justice For All","Metallica",152,149,6,64,False
1989-12-09,"Zig Zag","Hooters",153,178,153,2,False
1989-12-09,"Eazy-Duz-It","Eazy-E",154,136,41,53,False
1989-12-09,"In The Land Of Salvation And Sin","The Georgia Satellites",155,130,130,5,False
1989-12-09,"Decade","Duran Duran",156,0,156,1,True
1989-12-09,"Megatop Phoenix","Big Audio",157,131,85,12,False
1989-12-09,"Y U I Orta","Ian Hunter/Mick Ronson",158,158,158,7,False
1989-12-09,"Danger Danger","Danger Danger",159,141,88,17,False
1989-12-09,"Just Lookin' For A Hit","Dwight Yoakam",160,152,68,9,False
1989-12-09,"Love Among The Cannibals","Starship",161,157,64,17,False
1989-12-09,"The Phantom Of The Opera","Original London Cast Recording",162,172,33,85,False
1989-12-09,"Surprise Attack","Tora Tora",163,160,47,22,False
1989-12-09,"Be Yourself","Patti LaBelle",164,142,86,21,False
1989-12-09,"Greenpeace: Rainbow Warriors","Various Artists",165,164,68,19,False
1989-12-09,"Heart Like A Gun","Fiona",166,166,166,3,False
1989-12-09,"Strange Fire","Indigo Girls",167,167,167,3,False
1989-12-09,"Soulforce Revolution","7 Seconds",168,161,161,6,False
1989-12-09,"Smoking In The Fields","The Del Fuegos",169,180,139,7,False
1989-12-09,"Storms","Nanci Griffith",170,153,99,13,False
1989-12-09,"Strange Angels","Laurie Anderson",171,174,171,4,False
1989-12-09,"Automatic","The Jesus And Mary Chain",172,175,172,3,False
1989-12-09,"Saraya","Saraya",173,183,79,32,False
1989-12-09,"Book Of Days","The Psychedelic Furs",174,138,138,3,False
1989-12-09,"Key Lime Pie","Camper van Beethoven",175,155,141,10,False
1989-12-09,"Monster","Fetchin Bones",176,176,176,4,False
1989-12-09,"Trial By Fire: Live In Leningrad","Yngwie Malmsteen",177,165,128,5,False
1989-12-09,"Gorky Park","Gorky Park",178,171,80,14,False
1989-12-09,"Hysteria","Def Leppard",179,173,1,121,False
1989-12-09,"No Fuel Left For The Pilgrims","D.A.D.",180,137,116,11,False
1989-12-09,"Warm And Tender","Olivia Newton-John",181,181,181,2,False
1989-12-09,"Rich And Poor","Randy Crawford",182,182,182,4,False
1989-12-09,"Youngest In Charge","Special Ed",183,170,73,28,False
1989-12-09,"Sonic Temple","The Cult",184,185,10,33,False
1989-12-09,"Babylon A.D.","Babylon A.D.",185,195,185,2,False
1989-12-09,"Too Long In The Wasteland","James McMurtry",186,148,125,9,False
1989-12-09,"Greatest Hits","The Moody Blues",187,0,187,1,True
1989-12-09,"Indigo Girls","Indigo Girls",188,168,22,35,False
1989-12-09,"The Mind Is A Terrible Thing To Taste","Ministry",189,0,189,1,True
1989-12-09,"The Best Of Dark Horse","George Harrison",190,193,132,6,False
1989-12-09,"One Bright Day","Ziggy Marley And The Melody Makers",191,187,26,18,False
1989-12-09,"Raw Like Sushi","Neneh Cherry",192,186,40,25,False
1989-12-09,"Frank","Squeeze",193,188,113,10,False
1989-12-09,"Animal Logic","Animal Logic",194,0,194,1,True
1989-12-09,"Greatest Hits 1982-1989","Chicago",195,0,195,1,True
1989-12-09,"Round Trip","The Gap Band",196,0,196,1,True
1989-12-09,"Here Today, Tomorrow, Next Week","The Sugarcubes",197,184,70,9,False
1989-12-09,"State Of The Heart","Mary Chapin Carpenter",198,0,198,1,True
1989-12-09,"Migration","Dave Grusin",199,200,145,8,False
1989-12-09,"Blind Man's Zoo","10,000 Maniacs",200,189,13,28,False
1989-12-02,"Girl You Know It's True","Milli Vanilli",1,1,1,37,False
1989-12-02,"Storm Front","Billy Joel",2,3,2,5,False
1989-12-02,"Janet Jackson's Rhythm Nation 1814","Janet Jackson",3,2,1,9,False
1989-12-02,"Forever Your Girl","Paula Abdul",4,5,1,72,False
1989-12-02,"Hangin' Tough","New Kids On The Block",5,7,1,67,False
1989-12-02,"Steel Wheels","The Rolling Stones",6,4,3,12,False
1989-12-02,"Cosmic Thing","The B-52s",7,9,7,20,False
1989-12-02,"Pump","Aerosmith",8,6,5,10,False
1989-12-02,"Dr. Feelgood","Motley Crue",9,8,1,11,False
1989-12-02,"Stone Cold Rhymin'","Young M.C.",10,11,10,11,False
1989-12-02,"Crossroads","Tracy Chapman",11,10,9,7,False
1989-12-02,"Full Moon Fever","Tom Petty",12,12,3,30,False
1989-12-02,"Slip Of The Tongue","Whitesnake",13,36,13,2,False
1989-12-02,"Merry, Merry Christmas","New Kids On The Block",14,14,14,8,False
1989-12-02,"Cry Like A Rainstorm, Howl Like The Wind","Linda Ronstadt (Featuring Aaron Neville)",15,15,15,7,False
1989-12-02,"Repeat Offender","Richard Marx",16,16,1,29,False
1989-12-02,"Keep On Movin'","Soul II Soul",17,19,14,22,False
1989-12-02,"The Seeds Of Love","Tears For Fears",18,13,8,9,False
1989-12-02,"Skid Row","Skid Row",19,17,6,43,False
1989-12-02,"Heart Of Stone","Cher",20,18,10,20,False
1989-12-02,"Bad English","Bad English",21,21,21,21,False
1989-12-02,"Trash","Alice Cooper",22,20,20,17,False
1989-12-02,"Flying In A Blue Dream","Joe Satriani",23,27,23,3,False
1989-12-02,"The End Of The Innocence","Don Henley",24,23,8,21,False
1989-12-02,"Tender Lover","Babyface",25,25,25,18,False
1989-12-02,"A Collection: Greatest Hits...And More","Barbra Streisand",26,26,26,7,False
1989-12-02,"Built To Last","Grateful Dead",27,28,27,3,False
1989-12-02,"The Raw & The Cooked","Fine Young Cannibals",28,22,1,39,False
1989-12-02,"Brave And Crazy","Melissa Etheridge",29,24,22,9,False
1989-12-02,"Journeyman","Eric Clapton",30,70,30,2,False
1989-12-02,"The Best Of Luther Vandross: The Best Of Love","Luther Vandross",31,32,31,5,False
1989-12-02,"Hot In The Shade","KISS",32,29,29,5,False
1989-12-02,"New Kids On The Block","New Kids On The Block",33,33,32,18,False
1989-12-02,"As Nasty As They Wanna Be","The 2 Live Crew",34,30,30,19,False
1989-12-02,"Freedom","Neil Young",35,35,35,7,False
1989-12-02,"Cuts Both Ways","Gloria Estefan",36,37,8,19,False
1989-12-02,"We Too Are One","Eurythmics",37,34,34,10,False
1989-12-02,"Look Sharp!","Roxette",38,40,28,33,False
1989-12-02,"And In This Corner","D.J. Jazzy Jeff & The Fresh Prince",39,41,39,3,False
1989-12-02,"Don't Be Cruel","Bobby Brown",40,31,1,72,False
1989-12-02,"The Disregard Of Timekeeping","Bonham",41,45,41,9,False
1989-12-02,"Runaway Horses","Belinda Carlisle",42,47,42,7,False
1989-12-02,"The Sensual World","Kate Bush",43,43,43,5,False
1989-12-02,"Flying Cowboys","Rickie Lee Jones",44,39,39,8,False
1989-12-02,"Dirty Rotten Filthy Stinking Rich","Warrant",45,38,10,40,False
1989-12-02,"Blow My Fuse","KIX",46,48,46,44,False
1989-12-02,"Legacy","Poco",47,44,40,11,False
1989-12-02,"Foreign Affair","Tina Turner",48,50,31,9,False
1989-12-02,"Disintegration","The Cure",49,42,12,29,False
1989-12-02,"No Holdin' Back","Randy Travis",50,52,33,8,False
1989-12-02,"Twice Shy","Great White",51,54,9,31,False
1989-12-02,"Mother's Milk","Red Hot Chili Peppers",52,53,52,12,False
1989-12-02,"Soul Provider","Michael Bolton",53,60,42,20,False
1989-12-02,"Big Tyme","Heavy D & The Boyz",54,58,19,23,False
1989-12-02,"Can't Fight Fate","Taylor Dayne",55,56,55,3,False
1989-12-02,"Sleeping With The Past","Elton John",56,49,23,12,False
1989-12-02,"Wild!","Erasure",57,57,57,4,False
1989-12-02,"The Iceberg/Freedom Of Speech...","Ice-T",58,46,37,6,False
1989-12-02,"Like A Prayer","Madonna",59,55,1,35,False
1989-12-02,"Oh Mercy","Bob Dylan",60,51,30,9,False
1989-12-02,"Neither Fish Nor Flesh","Terence Trent D'Arby",61,106,61,2,False
1989-12-02,"Jeff Beck's Guitar Shop","Jeff Beck With Terry Bozzio & Tony Hymas",62,59,49,7,False
1989-12-02,"The Great Radio Controversy","Tesla",63,66,18,37,False
1989-12-02,"Batman (Soundtrack)","Prince",64,64,1,22,False
1989-12-02,"No One Can Do It Better","The D.O.C.",65,61,20,16,False
1989-12-02,"Stay With Me","Regina Belle",66,63,63,12,False
1989-12-02,"Seminar","Sir Mix-A-Lot",67,67,67,3,False
1989-12-02,"Best Shots","Pat Benatar",68,83,68,2,False
1989-12-02,"It's A Big Daddy Thing","Big Daddy Kane",69,62,33,9,False
1989-12-02,"New Jersey","Bon Jovi",70,69,1,61,False
1989-12-02,"Vivid","Living Colour",71,65,6,66,False
1989-12-02,"Dance!...Ya Know It!","Bobby Brown",72,0,72,1,True
1989-12-02,"Silky Soul","Maze Featuring Frankie Beverly",73,72,37,11,False
1989-12-02,"24/7","Dino",74,68,34,37,False
1989-12-02,"Sybil","Sybil",75,80,75,7,False
1989-12-02,"Killin' Time","Clint Black",76,73,61,26,False
1989-12-02,"Billy Ocean's Greatest Hits","Billy Ocean",77,77,77,5,False
1989-12-02,"Happy Anniversary, Charlie Brown","Various Artists",78,87,78,4,False
1989-12-02,"Boys In Heat","Britny Fox",79,149,79,2,False
1989-12-02,"Rei Momo","David Byrne",80,71,71,7,False
1989-12-02,"The Fabulous Baker Boys","Soundtrack",81,97,81,3,False
1989-12-02,"...But Seriously","Phil Collins",82,0,82,1,True
1989-12-02,"Presto","Rush",83,0,83,1,True
1989-12-02,"Smithereens 11","The Smithereens",84,84,84,3,False
1989-12-02,"Enuff Z'Nuff","Enuff Z'Nuff",85,74,74,10,False
1989-12-02,"In Step","Stevie Ray Vaughan And Double Trouble",86,78,33,23,False
1989-12-02,"Dangerous Toys","Dangerous Toys",87,81,65,25,False
1989-12-02,"Rock Island","Jethro Tull",88,75,56,10,False
1989-12-02,"Home","Stephanie Mills",89,89,82,20,False
1989-12-02,"The Biz Never Sleeps","Biz Markie",90,82,66,6,False
1989-12-02,"One Night Of Sin","Joe Cocker",91,92,91,12,False
1989-12-02,"Nothing Matters Without Love","Seduction",92,93,92,6,False
1989-12-02,"What You Don't Know","Expose",93,79,33,23,False
1989-12-02,"Appetite For Destruction","Guns N' Roses",94,96,1,119,False
1989-12-02,"Big Game","White Lion",95,85,19,23,False
1989-12-02,"Beaches","Soundtrack",96,91,2,46,False
1989-12-02,"Shocker - The Music","Soundtrack",97,107,97,3,False
1989-12-02,"Let's Get It Started","M.C. Hammer",98,90,30,53,False
1989-12-02,"Shotgun Messiah","Shotgun Messiah",99,100,99,7,False
1989-12-02,"Straight Outta Compton","N.W.A",100,94,37,40,False
1989-12-02,"The Healer","John Lee Hooker",101,103,101,9,False
1989-12-02,"Trouble Walkin'","Ace Frehley",102,102,102,4,False
1989-12-02,"See The Light","The Jeff Healey Band",103,76,22,61,False
1989-12-02,"Addictions Vol. I","Robert Palmer",104,172,104,2,False
1989-12-02,"Avalon Sunset","Van Morrison",105,104,91,23,False
1989-12-02,"Last Of The Runaways","Giant",106,98,91,8,False
1989-12-02,"Kevin Paige","Kevin Paige",107,111,107,11,False
1989-12-02,"Eyes On This","MC Lyte",108,86,86,7,False
1989-12-02,"Change","The Alarm",109,99,75,8,False
1989-12-02,"Captain Swing","Michelle Shocked",110,95,95,4,False
1989-12-02,"Dice","Andrew Dice Clay",111,115,94,32,False
1989-12-02,"Nick Of Time","Bonnie Raitt",112,118,22,34,False
1989-12-02,"The Real Thing","Angela Winbush",113,126,113,4,False
1989-12-02,"A Fresh Aire Christmas","Mannheim Steamroller",114,0,114,1,True
1989-12-02,"Psycho Cafe","Bang Tango",115,88,58,23,False
1989-12-02,"Storyteller/Complete Anthology: 1964-1990","Rod Stewart",116,0,116,1,True
1989-12-02,"Singles Collection - The London Years","The Rolling Stones",117,120,91,13,False
1989-12-02,"Cocked & Loaded","L.A. Guns",118,101,57,12,False
1989-12-02,"Still Cruisin'","The Beach Boys",119,105,46,12,False
1989-12-02,"Greatest Hits - Best Of Rockers N' Ballads","Scorpions",120,0,120,1,True
1989-12-02,"Larger Than Life","Jody Watley",121,129,16,34,False
1989-12-02,"UK Jive","The Kinks",122,125,122,2,False
1989-12-02,"Groove Approved","Paul Carrack",123,133,123,4,False
1989-12-02,"It Takes Two","Rob Base & D.J. E-Z Rock",124,119,31,61,False
1989-12-02,"Black & White Night: 30","Roy Orbison",125,0,125,1,True
1989-12-02,"Long Hard Look","Lou Gramm",126,131,126,4,False
1989-12-02,"Wake Me When It's Over","Faster Pussycat",127,122,60,11,False
1989-12-02,"Absolute Torch And Twang","k.d. lang & The Reclines",128,112,76,25,False
1989-12-02,"Flowers In The Dirt","Paul McCartney",129,140,21,24,False
1989-12-02,"In The Land Of Salvation And Sin","The Georgia Satellites",130,130,130,4,False
1989-12-02,"Megatop Phoenix","Big Audio",131,110,85,11,False
1989-12-02,"After 7","After 7",132,135,132,8,False
1989-12-02,"Raging Slab","Raging Slab",133,113,113,6,False
1989-12-02,"Life Is...Too Short","Too $hort",134,121,37,41,False
1989-12-02,"When Harry Met Sally (Soundtrack)","Harry Connick, Jr.",135,142,42,16,False
1989-12-02,"Eazy-Duz-It","Eazy-E",136,117,41,52,False
1989-12-02,"No Fuel Left For The Pilgrims","D.A.D.",137,116,116,10,False
1989-12-02,"Book Of Days","The Psychedelic Furs",138,138,138,2,False
1989-12-02,"Sound + Vision","David Bowie",139,114,97,8,False
1989-12-02,"An Old Time Christmas","Randy Travis",140,0,140,1,True
1989-12-02,"Danger Danger","Danger Danger",141,108,88,16,False
1989-12-02,"Be Yourself","Patti LaBelle",142,127,86,20,False
1989-12-02,"Electric Youth","Debbie Gibson",143,136,1,43,False
1989-12-02,"Mannheim Steamroller Christmas","Mannheim Steamroller",144,0,144,1,True
1989-12-02,"Simple Man","The Charlie Daniels Band",145,158,145,2,False
1989-12-02,"Handle With Care","Nuclear Assault",146,168,146,3,False
1989-12-02,"Results","Liza Minnelli",147,128,128,4,False
1989-12-02,"Too Long In The Wasteland","James McMurtry",148,134,125,8,False
1989-12-02,"...And Justice For All","Metallica",149,150,6,63,False
1989-12-02,"The Cactus Album","3rd Bass",150,0,150,1,True
1989-12-02,"Touch Me Tonight, Best Of Shooting Star","Shooting Star",151,156,151,5,False
1989-12-02,"Just Lookin' For A Hit","Dwight Yoakam",152,109,68,8,False
1989-12-02,"Storms","Nanci Griffith",153,123,99,12,False
1989-12-02,"Don't Take It Personal","Jermaine Jackson",154,0,154,1,True
1989-12-02,"Key Lime Pie","Camper van Beethoven",155,145,141,9,False
1989-12-02,"March","Michael Penn",156,192,156,2,False
1989-12-02,"Love Among The Cannibals","Starship",157,154,64,16,False
1989-12-02,"Y U I Orta","Ian Hunter/Mick Ronson",158,173,158,6,False
1989-12-02,"You Wanna Dance With Me?","Jody Watley",159,0,159,1,True
1989-12-02,"Surprise Attack","Tora Tora",160,132,47,21,False
1989-12-02,"Soulforce Revolution","7 Seconds",161,165,161,5,False
1989-12-02,"Let Love Rule","Lenny Kravitz",162,196,162,2,False
1989-12-02,"Gretchen Goes To Nebraska","King's X",163,161,123,18,False
1989-12-02,"Greenpeace: Rainbow Warriors","Various Artists",164,162,68,18,False
1989-12-02,"Trial By Fire: Live In Leningrad","Yngwie Malmsteen",165,157,128,4,False
1989-12-02,"Heart Like A Gun","Fiona",166,185,166,2,False
1989-12-02,"Strange Fire","Indigo Girls",167,170,167,2,False
1989-12-02,"Indigo Girls","Indigo Girls",168,141,22,34,False
1989-12-02,"2nd Wave","Surface",169,147,56,39,False
1989-12-02,"Youngest In Charge","Special Ed",170,163,73,27,False
1989-12-02,"Gorky Park","Gorky Park",171,153,80,13,False
1989-12-02,"The Phantom Of The Opera","Original London Cast Recording",172,182,33,84,False
1989-12-02,"Hysteria","Def Leppard",173,164,1,120,False
1989-12-02,"Strange Angels","Laurie Anderson",174,174,174,3,False
1989-12-02,"Automatic","The Jesus And Mary Chain",175,175,175,2,False
1989-12-02,"Monster","Fetchin Bones",176,177,176,3,False
1989-12-02,"Southside","Texas",177,144,88,16,False
1989-12-02,"Zig Zag","Hooters",178,0,178,1,True
1989-12-02,"Badlands","Badlands",179,159,57,26,False
1989-12-02,"Smoking In The Fields","The Del Fuegos",180,139,139,6,False
1989-12-02,"Warm And Tender","Olivia Newton-John",181,0,181,1,True
1989-12-02,"Rich And Poor","Randy Crawford",182,191,182,3,False
1989-12-02,"Saraya","Saraya",183,184,79,31,False
1989-12-02,"Here Today, Tomorrow, Next Week","The Sugarcubes",184,137,70,8,False
1989-12-02,"Sonic Temple","The Cult",185,160,10,32,False
1989-12-02,"Raw Like Sushi","Neneh Cherry",186,167,40,24,False
1989-12-02,"One Bright Day","Ziggy Marley And The Melody Makers",187,143,26,17,False
1989-12-02,"Frank","Squeeze",188,151,113,9,False
1989-12-02,"Blind Man's Zoo","10,000 Maniacs",189,155,13,27,False
1989-12-02,"Martika","Martika",190,169,15,39,False
1989-12-02,"Def, Dumb & Blonde","Deborah Harry",191,124,123,8,False
1989-12-02,"Here I Am","Sharon Bryant",192,183,139,13,False
1989-12-02,"The Best Of Dark Horse","George Harrison",193,152,132,5,False
1989-12-02,"Greatest Hits...Sound Of Money","Eddie Money",194,0,194,1,True
1989-12-02,"Babylon A.D.","Babylon A.D.",195,0,195,1,True
1989-12-02,"Winger","Winger",196,148,21,64,False
1989-12-02,"A New Flame","Simply Red",197,180,22,39,False
1989-12-02,"Introducing. . .David Peaston","David Peaston",198,197,113,18,False
1989-12-02,"Reba Live","Reba McEntire",199,190,124,8,False
1989-12-02,"Migration","Dave Grusin",200,171,145,7,False
1989-11-25,"Girl You Know It's True","Milli Vanilli",1,2,1,36,False
1989-11-25,"Janet Jackson's Rhythm Nation 1814","Janet Jackson",2,1,1,8,False
1989-11-25,"Storm Front","Billy Joel",3,8,3,4,False
1989-11-25,"Steel Wheels","The Rolling Stones",4,3,3,11,False
1989-11-25,"Forever Your Girl","Paula Abdul",5,4,1,71,False
1989-11-25,"Pump","Aerosmith",6,5,5,9,False
1989-11-25,"Hangin' Tough","New Kids On The Block",7,6,1,66,False
1989-11-25,"Dr. Feelgood","Motley Crue",8,7,1,10,False
1989-11-25,"Cosmic Thing","The B-52s",9,10,9,19,False
1989-11-25,"Crossroads","Tracy Chapman",10,9,9,6,False
1989-11-25,"Stone Cold Rhymin'","Young M.C.",11,11,11,10,False
1989-11-25,"Full Moon Fever","Tom Petty",12,13,3,29,False
1989-11-25,"The Seeds Of Love","Tears For Fears",13,12,8,8,False
1989-11-25,"Merry, Merry Christmas","New Kids On The Block",14,16,14,7,False
1989-11-25,"Cry Like A Rainstorm, Howl Like The Wind","Linda Ronstadt (Featuring Aaron Neville)",15,18,15,6,False
1989-11-25,"Repeat Offender","Richard Marx",16,14,1,28,False
1989-11-25,"Skid Row","Skid Row",17,15,6,42,False
1989-11-25,"Heart Of Stone","Cher",18,17,10,19,False
1989-11-25,"Keep On Movin'","Soul II Soul",19,19,14,21,False
1989-11-25,"Trash","Alice Cooper",20,20,20,16,False
1989-11-25,"Bad English","Bad English",21,23,21,20,False
1989-11-25,"The Raw & The Cooked","Fine Young Cannibals",22,21,1,38,False
1989-11-25,"The End Of The Innocence","Don Henley",23,22,8,20,False
1989-11-25,"Brave And Crazy","Melissa Etheridge",24,24,22,8,False
1989-11-25,"Tender Lover","Babyface",25,25,25,17,False
1989-11-25,"A Collection: Greatest Hits...And More","Barbra Streisand",26,26,26,6,False
1989-11-25,"Flying In A Blue Dream","Joe Satriani",27,50,27,2,False
1989-11-25,"Built To Last","Grateful Dead",28,59,28,2,False
1989-11-25,"Hot In The Shade","KISS",29,31,29,4,False
1989-11-25,"As Nasty As They Wanna Be","The 2 Live Crew",30,32,30,18,False
1989-11-25,"Don't Be Cruel","Bobby Brown",31,27,1,71,False
1989-11-25,"The Best Of Luther Vandross: The Best Of Love","Luther Vandross",32,41,32,4,False
1989-11-25,"New Kids On The Block","New Kids On The Block",33,35,32,17,False
1989-11-25,"We Too Are One","Eurythmics",34,34,34,9,False
1989-11-25,"Freedom","Neil Young",35,36,35,6,False
1989-11-25,"Slip Of The Tongue","Whitesnake",36,0,36,1,True
1989-11-25,"Cuts Both Ways","Gloria Estefan",37,33,8,18,False
1989-11-25,"Dirty Rotten Filthy Stinking Rich","Warrant",38,29,10,39,False
1989-11-25,"Flying Cowboys","Rickie Lee Jones",39,39,39,7,False
1989-11-25,"Look Sharp!","Roxette",40,44,28,32,False
1989-11-25,"And In This Corner","D.J. Jazzy Jeff & The Fresh Prince",41,88,41,2,False
1989-11-25,"Disintegration","The Cure",42,28,12,28,False
1989-11-25,"The Sensual World","Kate Bush",43,46,43,4,False
1989-11-25,"Legacy","Poco",44,40,40,10,False
1989-11-25,"The Disregard Of Timekeeping","Bonham",45,47,45,8,False
1989-11-25,"The Iceberg/Freedom Of Speech...","Ice-T",46,37,37,5,False
1989-11-25,"Runaway Horses","Belinda Carlisle",47,48,47,6,False
1989-11-25,"Blow My Fuse","KIX",48,49,48,43,False
1989-11-25,"Sleeping With The Past","Elton John",49,30,23,11,False
1989-11-25,"Foreign Affair","Tina Turner",50,43,31,8,False
1989-11-25,"Oh Mercy","Bob Dylan",51,38,30,8,False
1989-11-25,"No Holdin' Back","Randy Travis",52,42,33,7,False
1989-11-25,"Mother's Milk","Red Hot Chili Peppers",53,53,53,11,False
1989-11-25,"Twice Shy","Great White",54,45,9,30,False
1989-11-25,"Like A Prayer","Madonna",55,51,1,34,False
1989-11-25,"Can't Fight Fate","Taylor Dayne",56,102,56,2,False
1989-11-25,"Wild!","Erasure",57,60,57,3,False
1989-11-25,"Big Tyme","Heavy D & The Boyz",58,54,19,22,False
1989-11-25,"Jeff Beck's Guitar Shop","Jeff Beck With Terry Bozzio & Tony Hymas",59,55,49,6,False
1989-11-25,"Soul Provider","Michael Bolton",60,61,42,19,False
1989-11-25,"No One Can Do It Better","The D.O.C.",61,52,20,15,False
1989-11-25,"It's A Big Daddy Thing","Big Daddy Kane",62,56,33,8,False
1989-11-25,"Stay With Me","Regina Belle",63,63,63,11,False
1989-11-25,"Batman (Soundtrack)","Prince",64,57,1,21,False
1989-11-25,"Vivid","Living Colour",65,58,6,65,False
1989-11-25,"The Great Radio Controversy","Tesla",66,67,18,36,False
1989-11-25,"Seminar","Sir Mix-A-Lot",67,83,67,2,False
1989-11-25,"24/7","Dino",68,62,34,36,False
1989-11-25,"New Jersey","Bon Jovi",69,72,1,60,False
1989-11-25,"Journeyman","Eric Clapton",70,0,70,1,True
1989-11-25,"Rei Momo","David Byrne",71,71,71,6,False
1989-11-25,"Silky Soul","Maze Featuring Frankie Beverly",72,65,37,10,False
1989-11-25,"Killin' Time","Clint Black",73,68,61,25,False
1989-11-25,"Enuff Z'Nuff","Enuff Z'Nuff",74,79,74,9,False
1989-11-25,"Rock Island","Jethro Tull",75,70,56,9,False
1989-11-25,"See The Light","The Jeff Healey Band",76,64,22,60,False
1989-11-25,"Billy Ocean's Greatest Hits","Billy Ocean",77,87,77,4,False
1989-11-25,"In Step","Stevie Ray Vaughan And Double Trouble",78,76,33,22,False
1989-11-25,"What You Don't Know","Expose",79,66,33,22,False
1989-11-25,"Sybil","Sybil",80,80,80,6,False
1989-11-25,"Dangerous Toys","Dangerous Toys",81,73,65,24,False
1989-11-25,"The Biz Never Sleeps","Biz Markie",82,69,66,5,False
1989-11-25,"Best Shots","Pat Benatar",83,0,83,1,True
1989-11-25,"Smithereens 11","The Smithereens",84,99,84,2,False
1989-11-25,"Big Game","White Lion",85,74,19,22,False
1989-11-25,"Eyes On This","MC Lyte",86,86,86,6,False
1989-11-25,"Happy Anniversary, Charlie Brown","Various Artists",87,89,87,3,False
1989-11-25,"Psycho Cafe","Bang Tango",88,77,58,22,False
1989-11-25,"Home","Stephanie Mills",89,96,82,19,False
1989-11-25,"Let's Get It Started","M.C. Hammer",90,85,30,52,False
1989-11-25,"Beaches","Soundtrack",91,82,2,45,False
1989-11-25,"One Night Of Sin","Joe Cocker",92,92,92,11,False
1989-11-25,"Nothing Matters Without Love","Seduction",93,107,93,5,False
1989-11-25,"Straight Outta Compton","N.W.A",94,84,37,39,False
1989-11-25,"Captain Swing","Michelle Shocked",95,95,95,3,False
1989-11-25,"Appetite For Destruction","Guns N' Roses",96,90,1,118,False
1989-11-25,"The Fabulous Baker Boys","Soundtrack",97,103,97,2,False
1989-11-25,"Last Of The Runaways","Giant",98,91,91,7,False
1989-11-25,"Change","The Alarm",99,81,75,7,False
1989-11-25,"Shotgun Messiah","Shotgun Messiah",100,100,100,6,False
1989-11-25,"Cocked & Loaded","L.A. Guns",101,94,57,11,False
1989-11-25,"Trouble Walkin'","Ace Frehley",102,104,102,3,False
1989-11-25,"The Healer","John Lee Hooker",103,110,103,8,False
1989-11-25,"Avalon Sunset","Van Morrison",104,105,91,22,False
1989-11-25,"Still Cruisin'","The Beach Boys",105,78,46,11,False
1989-11-25,"Neither Fish Nor Flesh","Terence Trent D'Arby",106,0,106,1,True
1989-11-25,"Shocker - The Music","Soundtrack",107,147,107,2,False
1989-11-25,"Danger Danger","Danger Danger",108,93,88,15,False
1989-11-25,"Just Lookin' For A Hit","Dwight Yoakam",109,75,68,7,False
1989-11-25,"Megatop Phoenix","Big Audio",110,97,85,10,False
1989-11-25,"Kevin Paige","Kevin Paige",111,118,111,10,False
1989-11-25,"Absolute Torch And Twang","k.d. lang & The Reclines",112,98,76,24,False
1989-11-25,"Raging Slab","Raging Slab",113,116,113,5,False
1989-11-25,"Sound + Vision","David Bowie",114,119,97,7,False
1989-11-25,"Dice","Andrew Dice Clay",115,115,94,31,False
1989-11-25,"No Fuel Left For The Pilgrims","D.A.D.",116,122,116,9,False
1989-11-25,"Eazy-Duz-It","Eazy-E",117,121,41,51,False
1989-11-25,"Nick Of Time","Bonnie Raitt",118,106,22,33,False
1989-11-25,"It Takes Two","Rob Base & D.J. E-Z Rock",119,114,31,60,False
1989-11-25,"Singles Collection - The London Years","The Rolling Stones",120,108,91,12,False
1989-11-25,"Life Is...Too Short","Too $hort",121,101,37,40,False
1989-11-25,"Wake Me When It's Over","Faster Pussycat",122,120,60,10,False
1989-11-25,"Storms","Nanci Griffith",123,109,99,11,False
1989-11-25,"Def, Dumb & Blonde","Deborah Harry",124,135,123,7,False
1989-11-25,"UK Jive","The Kinks",125,0,125,1,True
1989-11-25,"The Real Thing","Angela Winbush",126,144,126,3,False
1989-11-25,"Be Yourself","Patti LaBelle",127,112,86,19,False
1989-11-25,"Results","Liza Minnelli",128,134,128,3,False
1989-11-25,"Larger Than Life","Jody Watley",129,152,16,33,False
1989-11-25,"In The Land Of Salvation And Sin","The Georgia Satellites",130,138,130,3,False
1989-11-25,"Long Hard Look","Lou Gramm",131,145,131,3,False
1989-11-25,"Surprise Attack","Tora Tora",132,123,47,20,False
1989-11-25,"Groove Approved","Paul Carrack",133,159,133,3,False
1989-11-25,"Too Long In The Wasteland","James McMurtry",134,125,125,7,False
1989-11-25,"After 7","After 7",135,141,135,7,False
1989-11-25,"Electric Youth","Debbie Gibson",136,137,1,42,False
1989-11-25,"Here Today, Tomorrow, Next Week","The Sugarcubes",137,113,70,7,False
1989-11-25,"Book Of Days","The Psychedelic Furs",138,0,138,1,True
1989-11-25,"Smoking In The Fields","The Del Fuegos",139,140,139,5,False
1989-11-25,"Flowers In The Dirt","Paul McCartney",140,160,21,23,False
1989-11-25,"Indigo Girls","Indigo Girls",141,117,22,33,False
1989-11-25,"When Harry Met Sally (Soundtrack)","Harry Connick, Jr.",142,136,42,15,False
1989-11-25,"One Bright Day","Ziggy Marley And The Melody Makers",143,124,26,16,False
1989-11-25,"Southside","Texas",144,130,88,15,False
1989-11-25,"Key Lime Pie","Camper van Beethoven",145,148,141,8,False
1989-11-25,"Big Trash","Thompson Twins",146,143,143,6,False
1989-11-25,"2nd Wave","Surface",147,164,56,38,False
1989-11-25,"Winger","Winger",148,126,21,63,False
1989-11-25,"Boys In Heat","Britny Fox",149,0,149,1,True
1989-11-25,"...And Justice For All","Metallica",150,149,6,62,False
1989-11-25,"Frank","Squeeze",151,129,113,8,False
1989-11-25,"The Best Of Dark Horse","George Harrison",152,146,132,4,False
1989-11-25,"Gorky Park","Gorky Park",153,127,80,12,False
1989-11-25,"Love Among The Cannibals","Starship",154,131,64,15,False
1989-11-25,"Blind Man's Zoo","10,000 Maniacs",155,132,13,26,False
1989-11-25,"Touch Me Tonight, Best Of Shooting Star","Shooting Star",156,174,156,4,False
1989-11-25,"Trial By Fire: Live In Leningrad","Yngwie Malmsteen",157,128,128,3,False
1989-11-25,"Simple Man","The Charlie Daniels Band",158,0,158,1,True
1989-11-25,"Badlands","Badlands",159,162,57,25,False
1989-11-25,"Sonic Temple","The Cult",160,111,10,31,False
1989-11-25,"Gretchen Goes To Nebraska","King's X",161,157,123,17,False
1989-11-25,"Greenpeace: Rainbow Warriors","Various Artists",162,175,68,17,False
1989-11-25,"Youngest In Charge","Special Ed",163,155,73,26,False
1989-11-25,"Hysteria","Def Leppard",164,153,1,119,False
1989-11-25,"Soulforce Revolution","7 Seconds",165,173,165,4,False
1989-11-25,"Shangri-La","Bardeux",166,133,133,7,False
1989-11-25,"Raw Like Sushi","Neneh Cherry",167,142,40,23,False
1989-11-25,"Handle With Care","Nuclear Assault",168,185,168,2,False
1989-11-25,"Martika","Martika",169,139,15,38,False
1989-11-25,"Strange Fire","Indigo Girls",170,0,170,1,True
1989-11-25,"Migration","Dave Grusin",171,151,145,6,False
1989-11-25,"Addictions Vol. I","Robert Palmer",172,0,172,1,True
1989-11-25,"Y U I Orta","Ian Hunter/Mick Ronson",173,182,173,5,False
1989-11-25,"Strange Angels","Laurie Anderson",174,177,174,2,False
1989-11-25,"Automatic","The Jesus And Mary Chain",175,0,175,1,True
1989-11-25,"Blind To Reason","Grayson Hugh",176,166,71,20,False
1989-11-25,"Monster","Fetchin Bones",177,196,177,2,False
1989-11-25,"Slam","Dan Reed Network",178,167,160,6,False
1989-11-25,"Candleland","Ian McCulloch",179,0,179,1,True
1989-11-25,"A New Flame","Simply Red",180,154,22,38,False
1989-11-25,"Guy","Guy",181,180,27,70,False
1989-11-25,"The Phantom Of The Opera","Original London Cast Recording",182,165,33,83,False
1989-11-25,"Here I Am","Sharon Bryant",183,184,139,12,False
1989-11-25,"Saraya","Saraya",184,170,79,30,False
1989-11-25,"Heart Like A Gun","Fiona",185,0,185,1,True
1989-11-25,"Max Q","Max Q",186,187,182,8,False
1989-11-25,"Waiting For Spring","David Benoit",187,192,187,3,False
1989-11-25,"Spend The Night","The Isley Brothers Featuring Ronald Isley",188,199,89,13,False
1989-11-25,"G N' R Lies","Guns N' Roses",189,183,2,50,False
1989-11-25,"Reba Live","Reba McEntire",190,163,124,7,False
1989-11-25,"Rich And Poor","Randy Crawford",191,191,191,2,False
1989-11-25,"March","Michael Penn",192,0,192,1,True
1989-11-25,"In My Eyes","Stevie B",193,181,75,38,False
1989-11-25,"The Years Of Decay","Overkill",194,194,194,2,False
1989-11-25,"Controlled By Hatred/Feel Like Shit...Deja Vu","Suicidal Tendencies",195,150,150,5,False
1989-11-25,"Let Love Rule","Lenny Kravitz",196,0,196,1,True
1989-11-25,"Introducing. . .David Peaston","David Peaston",197,190,113,17,False
1989-11-25,"Let The Day Begin","The Call",198,161,64,22,False
1989-11-25,"Swass","Sir Mix-A-Lot",199,158,82,58,False
1989-11-25,"Not Fakin' It","Michael Monroe",200,198,161,8,False
